case,algo,seed,timestep,success_rate,avg_return,hole_rate,avg_episode_length
case1_deterministic_4x4,DQN,0,2000,0.0,0.0,0.0,100.0
case1_deterministic_4x4,DQN,0,4000,1.0,1.0,0.0,6.0
case1_deterministic_4x4,DQN,0,6000,1.0,1.0,0.0,6.0
case1_deterministic_4x4,DQN,0,8000,1.0,1.0,0.0,6.0
case1_deterministic_4x4,DQN,0,10000,1.0,1.0,0.0,6.0
case1_deterministic_4x4,DQN,0,12000,1.0,1.0,0.0,6.0
case1_deterministic_4x4,DQN,0,14000,1.0,1.0,0.0,6.0
case1_deterministic_4x4,DQN,0,16000,1.0,1.0,0.0,6.0
case1_deterministic_4x4,DQN,0,18000,1.0,1.0,0.0,6.0
case1_deterministic_4x4,DQN,0,20000,1.0,1.0,0.0,6.0
case1_deterministic_4x4,DQN,0,22000,1.0,1.0,0.0,6.0
case1_deterministic_4x4,DQN,0,24000,1.0,1.0,0.0,6.0
case1_deterministic_4x4,DQN,0,26000,1.0,1.0,0.0,6.0
case1_deterministic_4x4,DQN,0,28000,1.0,1.0,0.0,6.0
case1_deterministic_4x4,DQN,0,30000,0.0,0.0,0.0,100.0
case1_deterministic_4x4,DQN,1,2000,0.0,0.0,0.0,100.0
case1_deterministic_4x4,DQN,1,4000,0.0,0.0,0.0,100.0
case1_deterministic_4x4,DQN,1,6000,1.0,1.0,0.0,6.0
case1_deterministic_4x4,DQN,1,8000,0.0,0.0,0.0,100.0
case1_deterministic_4x4,DQN,1,10000,0.0,0.0,0.0,100.0
case1_deterministic_4x4,DQN,1,12000,0.0,0.0,0.0,100.0
case1_deterministic_4x4,DQN,1,14000,0.0,0.0,0.0,100.0
case1_deterministic_4x4,DQN,1,16000,1.0,1.0,0.0,6.0
case1_deterministic_4x4,DQN,1,18000,1.0,1.0,0.0,6.0
case1_deterministic_4x4,DQN,1,20000,1.0,1.0,0.0,6.0
case1_deterministic_4x4,DQN,1,22000,1.0,1.0,0.0,6.0
case1_deterministic_4x4,DQN,1,24000,1.0,1.0,0.0,6.0
case1_deterministic_4x4,DQN,1,26000,1.0,1.0,0.0,6.0
case1_deterministic_4x4,DQN,1,28000,1.0,1.0,0.0,6.0
case1_deterministic_4x4,DQN,1,30000,1.0,1.0,0.0,6.0
case1_deterministic_4x4,DQN,2,2000,0.0,0.0,0.0,100.0
case1_deterministic_4x4,DQN,2,4000,1.0,1.0,0.0,6.0
case1_deterministic_4x4,DQN,2,6000,0.0,0.0,0.0,100.0
case1_deterministic_4x4,DQN,2,8000,1.0,1.0,0.0,6.0
case1_deterministic_4x4,DQN,2,10000,1.0,1.0,0.0,6.0
case1_deterministic_4x4,DQN,2,12000,1.0,1.0,0.0,6.0
case1_deterministic_4x4,DQN,2,14000,1.0,1.0,0.0,6.0
case1_deterministic_4x4,DQN,2,16000,1.0,1.0,0.0,6.0
case1_deterministic_4x4,DQN,2,18000,1.0,1.0,0.0,6.0
case1_deterministic_4x4,DQN,2,20000,1.0,1.0,0.0,6.0
case1_deterministic_4x4,DQN,2,22000,1.0,1.0,0.0,6.0
case1_deterministic_4x4,DQN,2,24000,1.0,1.0,0.0,6.0
case1_deterministic_4x4,DQN,2,26000,1.0,1.0,0.0,6.0
case1_deterministic_4x4,DQN,2,28000,1.0,1.0,0.0,6.0
case1_deterministic_4x4,DQN,2,30000,0.0,0.0,0.0,100.0
case1_deterministic_4x4,DQN,3,2000,0.0,0.0,0.0,100.0
case1_deterministic_4x4,DQN,3,4000,0.0,0.0,0.0,100.0
case1_deterministic_4x4,DQN,3,6000,0.0,0.0,0.0,100.0
case1_deterministic_4x4,DQN,3,8000,0.0,0.0,0.0,100.0
case1_deterministic_4x4,DQN,3,10000,0.0,0.0,0.0,100.0
case1_deterministic_4x4,DQN,3,12000,1.0,1.0,0.0,6.0
case1_deterministic_4x4,DQN,3,14000,1.0,1.0,0.0,6.0
case1_deterministic_4x4,DQN,3,16000,1.0,1.0,0.0,6.0
case1_deterministic_4x4,DQN,3,18000,1.0,1.0,0.0,6.0
case1_deterministic_4x4,DQN,3,20000,1.0,1.0,0.0,6.0
case1_deterministic_4x4,DQN,3,22000,1.0,1.0,0.0,6.0
case1_deterministic_4x4,DQN,3,24000,1.0,1.0,0.0,6.0
case1_deterministic_4x4,DQN,3,26000,1.0,1.0,0.0,6.0
case1_deterministic_4x4,DQN,3,28000,1.0,1.0,0.0,6.0
case1_deterministic_4x4,DQN,3,30000,1.0,1.0,0.0,6.0
case1_deterministic_4x4,DQN,4,2000,0.0,0.0,0.0,100.0
case1_deterministic_4x4,DQN,4,4000,1.0,1.0,0.0,6.0
case1_deterministic_4x4,DQN,4,6000,1.0,1.0,0.0,6.0
case1_deterministic_4x4,DQN,4,8000,0.0,0.0,0.0,100.0
case1_deterministic_4x4,DQN,4,10000,1.0,1.0,0.0,6.0
case1_deterministic_4x4,DQN,4,12000,1.0,1.0,0.0,6.0
case1_deterministic_4x4,DQN,4,14000,1.0,1.0,0.0,6.0
case1_deterministic_4x4,DQN,4,16000,1.0,1.0,0.0,6.0
case1_deterministic_4x4,DQN,4,18000,1.0,1.0,0.0,6.0
case1_deterministic_4x4,DQN,4,20000,1.0,1.0,0.0,6.0
case1_deterministic_4x4,DQN,4,22000,1.0,1.0,0.0,6.0
case1_deterministic_4x4,DQN,4,24000,1.0,1.0,0.0,6.0
case1_deterministic_4x4,DQN,4,26000,1.0,1.0,0.0,6.0
case1_deterministic_4x4,DQN,4,28000,1.0,1.0,0.0,6.0
case1_deterministic_4x4,DQN,4,30000,1.0,1.0,0.0,6.0
case1_deterministic_4x4,PPO,0,2000,1.0,1.0,0.0,6.0
case1_deterministic_4x4,PPO,0,4000,1.0,1.0,0.0,6.0
case1_deterministic_4x4,PPO,0,6000,1.0,1.0,0.0,6.0
case1_deterministic_4x4,PPO,0,8000,1.0,1.0,0.0,6.0
case1_deterministic_4x4,PPO,0,10000,1.0,1.0,0.0,6.0
case1_deterministic_4x4,PPO,0,12000,1.0,1.0,0.0,6.0
case1_deterministic_4x4,PPO,0,14000,1.0,1.0,0.0,6.0
case1_deterministic_4x4,PPO,0,16000,1.0,1.0,0.0,6.0
case1_deterministic_4x4,PPO,0,18000,1.0,1.0,0.0,6.0
case1_deterministic_4x4,PPO,0,20000,1.0,1.0,0.0,6.0
case1_deterministic_4x4,PPO,0,22000,1.0,1.0,0.0,6.0
case1_deterministic_4x4,PPO,0,24000,1.0,1.0,0.0,6.0
case1_deterministic_4x4,PPO,0,26000,1.0,1.0,0.0,6.0
case1_deterministic_4x4,PPO,0,28000,1.0,1.0,0.0,6.0
case1_deterministic_4x4,PPO,0,30000,1.0,1.0,0.0,6.0
case1_deterministic_4x4,PPO,1,2000,1.0,1.0,0.0,6.0
case1_deterministic_4x4,PPO,1,4000,1.0,1.0,0.0,6.0
case1_deterministic_4x4,PPO,1,6000,1.0,1.0,0.0,6.0
case1_deterministic_4x4,PPO,1,8000,1.0,1.0,0.0,6.0
case1_deterministic_4x4,PPO,1,10000,1.0,1.0,0.0,6.0
case1_deterministic_4x4,PPO,1,12000,1.0,1.0,0.0,6.0
case1_deterministic_4x4,PPO,1,14000,1.0,1.0,0.0,6.0
case1_deterministic_4x4,PPO,1,16000,1.0,1.0,0.0,6.0
case1_deterministic_4x4,PPO,1,18000,1.0,1.0,0.0,6.0
case1_deterministic_4x4,PPO,1,20000,1.0,1.0,0.0,6.0
case1_deterministic_4x4,PPO,1,22000,1.0,1.0,0.0,6.0
case1_deterministic_4x4,PPO,1,24000,1.0,1.0,0.0,6.0
case1_deterministic_4x4,PPO,1,26000,1.0,1.0,0.0,6.0
case1_deterministic_4x4,PPO,1,28000,1.0,1.0,0.0,6.0
case1_deterministic_4x4,PPO,1,30000,1.0,1.0,0.0,6.0
case1_deterministic_4x4,PPO,2,2000,0.0,0.0,0.0,100.0
case1_deterministic_4x4,PPO,2,4000,1.0,1.0,0.0,6.0
case1_deterministic_4x4,PPO,2,6000,1.0,1.0,0.0,6.0
case1_deterministic_4x4,PPO,2,8000,1.0,1.0,0.0,6.0
case1_deterministic_4x4,PPO,2,10000,1.0,1.0,0.0,6.0
case1_deterministic_4x4,PPO,2,12000,1.0,1.0,0.0,6.0
case1_deterministic_4x4,PPO,2,14000,1.0,1.0,0.0,6.0
case1_deterministic_4x4,PPO,2,16000,1.0,1.0,0.0,6.0
case1_deterministic_4x4,PPO,2,18000,1.0,1.0,0.0,6.0
case1_deterministic_4x4,PPO,2,20000,1.0,1.0,0.0,6.0
case1_deterministic_4x4,PPO,2,22000,1.0,1.0,0.0,6.0
case1_deterministic_4x4,PPO,2,24000,1.0,1.0,0.0,6.0
case1_deterministic_4x4,PPO,2,26000,1.0,1.0,0.0,6.0
case1_deterministic_4x4,PPO,2,28000,1.0,1.0,0.0,6.0
case1_deterministic_4x4,PPO,2,30000,1.0,1.0,0.0,6.0
case1_deterministic_4x4,PPO,3,2000,1.0,1.0,0.0,6.0
case1_deterministic_4x4,PPO,3,4000,1.0,1.0,0.0,6.0
case1_deterministic_4x4,PPO,3,6000,1.0,1.0,0.0,6.0
case1_deterministic_4x4,PPO,3,8000,1.0,1.0,0.0,6.0
case1_deterministic_4x4,PPO,3,10000,1.0,1.0,0.0,6.0
case1_deterministic_4x4,PPO,3,12000,1.0,1.0,0.0,6.0
case1_deterministic_4x4,PPO,3,14000,1.0,1.0,0.0,6.0
case1_deterministic_4x4,PPO,3,16000,1.0,1.0,0.0,6.0
case1_deterministic_4x4,PPO,3,18000,1.0,1.0,0.0,6.0
case1_deterministic_4x4,PPO,3,20000,1.0,1.0,0.0,6.0
case1_deterministic_4x4,PPO,3,22000,1.0,1.0,0.0,6.0
case1_deterministic_4x4,PPO,3,24000,1.0,1.0,0.0,6.0
case1_deterministic_4x4,PPO,3,26000,1.0,1.0,0.0,6.0
case1_deterministic_4x4,PPO,3,28000,1.0,1.0,0.0,6.0
case1_deterministic_4x4,PPO,3,30000,1.0,1.0,0.0,6.0
case1_deterministic_4x4,PPO,4,2000,0.0,0.0,0.0,100.0
case1_deterministic_4x4,PPO,4,4000,1.0,1.0,0.0,6.0
case1_deterministic_4x4,PPO,4,6000,1.0,1.0,0.0,6.0
case1_deterministic_4x4,PPO,4,8000,1.0,1.0,0.0,6.0
case1_deterministic_4x4,PPO,4,10000,1.0,1.0,0.0,6.0
case1_deterministic_4x4,PPO,4,12000,1.0,1.0,0.0,6.0
case1_deterministic_4x4,PPO,4,14000,1.0,1.0,0.0,6.0
case1_deterministic_4x4,PPO,4,16000,1.0,1.0,0.0,6.0
case1_deterministic_4x4,PPO,4,18000,1.0,1.0,0.0,6.0
case1_deterministic_4x4,PPO,4,20000,1.0,1.0,0.0,6.0
case1_deterministic_4x4,PPO,4,22000,1.0,1.0,0.0,6.0
case1_deterministic_4x4,PPO,4,24000,1.0,1.0,0.0,6.0
case1_deterministic_4x4,PPO,4,26000,1.0,1.0,0.0,6.0
case1_deterministic_4x4,PPO,4,28000,1.0,1.0,0.0,6.0
case1_deterministic_4x4,PPO,4,30000,1.0,1.0,0.0,6.0
case2_slippery_4x4,DQN,0,2000,0.035,0.035,0.965,22.105
case2_slippery_4x4,DQN,0,4000,0.195,0.195,0.805,17.465
case2_slippery_4x4,DQN,0,6000,0.38,0.38,0.595,33.71
case2_slippery_4x4,DQN,0,8000,0.145,0.145,0.84,28.21
case2_slippery_4x4,DQN,0,10000,0.22,0.22,0.78,21.53
case2_slippery_4x4,DQN,0,12000,0.6,0.6,0.345,35.115
case2_slippery_4x4,DQN,0,14000,0.155,0.155,0.845,17.91
case2_slippery_4x4,DQN,0,16000,0.395,0.395,0.595,25.48
case2_slippery_4x4,DQN,0,18000,0.335,0.335,0.66,24.425
case2_slippery_4x4,DQN,0,20000,0.4,0.4,0.58,33.02
case2_slippery_4x4,DQN,0,22000,0.555,0.555,0.385,37.025
case2_slippery_4x4,DQN,0,24000,0.35,0.35,0.635,27.335
case2_slippery_4x4,DQN,0,26000,0.6,0.6,0.35,37.63
case2_slippery_4x4,DQN,0,28000,0.61,0.61,0.335,36.37
case2_slippery_4x4,DQN,0,30000,0.555,0.555,0.405,37.17
case2_slippery_4x4,DQN,0,32000,0.48,0.48,0.34,52.955
case2_slippery_4x4,DQN,0,34000,0.495,0.495,0.48,32.92
case2_slippery_4x4,DQN,0,36000,0.47,0.47,0.19,65.75
case2_slippery_4x4,DQN,0,38000,0.76,0.76,0.145,45.95
case2_slippery_4x4,DQN,0,40000,0.7,0.7,0.155,47.275
case2_slippery_4x4,DQN,0,42000,0.565,0.565,0.125,61.64
case2_slippery_4x4,DQN,0,44000,0.7,0.7,0.18,45.305
case2_slippery_4x4,DQN,0,46000,0.71,0.71,0.19,44.745
case2_slippery_4x4,DQN,0,48000,0.745,0.745,0.13,45.275
case2_slippery_4x4,DQN,0,50000,0.78,0.78,0.13,41.635
case2_slippery_4x4,DQN,0,52000,0.78,0.78,0.12,43.79
case2_slippery_4x4,DQN,0,54000,0.64,0.64,0.245,46.705
case2_slippery_4x4,DQN,0,56000,0.685,0.685,0.24,42.99
case2_slippery_4x4,DQN,0,58000,0.73,0.73,0.175,45.48
case2_slippery_4x4,DQN,0,60000,0.0,0.0,0.0,100.0
case2_slippery_4x4,DQN,1,2000,0.415,0.415,0.205,66.735
case2_slippery_4x4,DQN,1,4000,0.0,0.0,0.0,100.0
case2_slippery_4x4,DQN,1,6000,0.495,0.495,0.5,34.61
case2_slippery_4x4,DQN,1,8000,0.625,0.625,0.32,40.225
case2_slippery_4x4,DQN,1,10000,0.63,0.63,0.305,41.12
case2_slippery_4x4,DQN,1,12000,0.4,0.4,0.59,25.015
case2_slippery_4x4,DQN,1,14000,0.66,0.66,0.25,43.57
case2_slippery_4x4,DQN,1,16000,0.635,0.635,0.3,43.19
case2_slippery_4x4,DQN,1,18000,0.64,0.64,0.325,39.54
case2_slippery_4x4,DQN,1,20000,0.64,0.64,0.295,39.86
case2_slippery_4x4,DQN,1,22000,0.655,0.655,0.28,42.21
case2_slippery_4x4,DQN,1,24000,0.585,0.585,0.325,40.335
case2_slippery_4x4,DQN,1,26000,0.63,0.63,0.3,38.845
case2_slippery_4x4,DQN,1,28000,0.68,0.68,0.245,39.935
case2_slippery_4x4,DQN,1,30000,0.565,0.565,0.375,40.245
case2_slippery_4x4,DQN,1,32000,0.665,0.665,0.235,41.73
case2_slippery_4x4,DQN,1,34000,0.645,0.645,0.325,39.12
case2_slippery_4x4,DQN,1,36000,0.62,0.62,0.305,43.435
case2_slippery_4x4,DQN,1,38000,0.63,0.63,0.32,40.35
case2_slippery_4x4,DQN,1,40000,0.635,0.635,0.315,40.83
case2_slippery_4x4,DQN,1,42000,0.65,0.65,0.23,44.62
case2_slippery_4x4,DQN,1,44000,0.635,0.635,0.265,43.05
case2_slippery_4x4,DQN,1,46000,0.595,0.595,0.26,48.67
case2_slippery_4x4,DQN,1,48000,0.485,0.485,0.49,33.26
case2_slippery_4x4,DQN,1,50000,0.585,0.585,0.28,44.93
case2_slippery_4x4,DQN,1,52000,0.685,0.685,0.22,44.79
case2_slippery_4x4,DQN,1,54000,0.435,0.435,0.525,32.775
case2_slippery_4x4,DQN,1,56000,0.605,0.605,0.26,45.355
case2_slippery_4x4,DQN,1,58000,0.665,0.665,0.14,50.86
case2_slippery_4x4,DQN,1,60000,0.7,0.7,0.195,45.485
case2_slippery_4x4,DQN,2,2000,0.28,0.28,0.72,22.875
case2_slippery_4x4,DQN,2,4000,0.06,0.06,0.94,7.445
case2_slippery_4x4,DQN,2,6000,0.125,0.125,0.875,10.25
case2_slippery_4x4,DQN,2,8000,0.7,0.7,0.24,42.12
case2_slippery_4x4,DQN,2,10000,0.655,0.655,0.275,42.12
case2_slippery_4x4,DQN,2,12000,0.705,0.705,0.25,39.675
case2_slippery_4x4,DQN,2,14000,0.715,0.715,0.215,39.28
case2_slippery_4x4,DQN,2,16000,0.715,0.715,0.2,42.165
case2_slippery_4x4,DQN,2,18000,0.755,0.755,0.205,40.635
case2_slippery_4x4,DQN,2,20000,0.44,0.44,0.55,29.315
case2_slippery_4x4,DQN,2,22000,0.52,0.52,0.425,33.33
case2_slippery_4x4,DQN,2,24000,0.74,0.74,0.195,43.1
case2_slippery_4x4,DQN,2,26000,0.75,0.75,0.175,45.52
case2_slippery_4x4,DQN,2,28000,0.58,0.58,0.34,42.3
case2_slippery_4x4,DQN,2,30000,0.695,0.695,0.2,43.06
case2_slippery_4x4,DQN,2,32000,0.755,0.755,0.195,38.07
case2_slippery_4x4,DQN,2,34000,0.755,0.755,0.17,43.64
case2_slippery_4x4,DQN,2,36000,0.685,0.685,0.2,43.205
case2_slippery_4x4,DQN,2,38000,0.735,0.735,0.165,47.865
case2_slippery_4x4,DQN,2,40000,0.68,0.68,0.245,42.71
case2_slippery_4x4,DQN,2,42000,0.72,0.72,0.155,45.33
case2_slippery_4x4,DQN,2,44000,0.755,0.755,0.125,46.02
case2_slippery_4x4,DQN,2,46000,0.725,0.725,0.165,45.035
case2_slippery_4x4,DQN,2,48000,0.52,0.52,0.115,66.575
case2_slippery_4x4,DQN,2,50000,0.735,0.735,0.2,42.34
case2_slippery_4x4,DQN,2,52000,0.69,0.69,0.2,42.145
case2_slippery_4x4,DQN,2,54000,0.71,0.71,0.155,46.355
case2_slippery_4x4,DQN,2,56000,0.8,0.8,0.1,45.31
case2_slippery_4x4,DQN,2,58000,0.765,0.765,0.17,45.455
case2_slippery_4x4,DQN,2,60000,0.755,0.755,0.145,42.99
case2_slippery_4x4,DQN,3,2000,0.0,0.0,0.0,100.0
case2_slippery_4x4,DQN,3,4000,0.0,0.0,0.0,100.0
case2_slippery_4x4,DQN,3,6000,0.285,0.285,0.66,37.185
case2_slippery_4x4,DQN,3,8000,0.42,0.42,0.575,29.02
case2_slippery_4x4,DQN,3,10000,0.0,0.0,0.0,100.0
case2_slippery_4x4,DQN,3,12000,0.425,0.425,0.565,28.705
case2_slippery_4x4,DQN,3,14000,0.475,0.475,0.515,32.72
case2_slippery_4x4,DQN,3,16000,0.585,0.585,0.37,38.955
case2_slippery_4x4,DQN,3,18000,0.755,0.755,0.16,44.57
case2_slippery_4x4,DQN,3,20000,0.765,0.765,0.145,45.07
case2_slippery_4x4,DQN,3,22000,0.735,0.735,0.18,44.66
case2_slippery_4x4,DQN,3,24000,0.45,0.45,0.545,28.97
case2_slippery_4x4,DQN,3,26000,0.7,0.7,0.245,40.315
case2_slippery_4x4,DQN,3,28000,0.72,0.72,0.185,45.365
case2_slippery_4x4,DQN,3,30000,0.725,0.725,0.225,39.545
case2_slippery_4x4,DQN,3,32000,0.755,0.755,0.19,42.4
case2_slippery_4x4,DQN,3,34000,0.71,0.71,0.165,45.625
case2_slippery_4x4,DQN,3,36000,0.73,0.73,0.145,46.125
case2_slippery_4x4,DQN,3,38000,0.57,0.57,0.41,29.265
case2_slippery_4x4,DQN,3,40000,0.75,0.75,0.175,41.25
case2_slippery_4x4,DQN,3,42000,0.69,0.69,0.185,45.375
case2_slippery_4x4,DQN,3,44000,0.75,0.75,0.14,44.475
case2_slippery_4x4,DQN,3,46000,0.765,0.765,0.125,44.805
case2_slippery_4x4,DQN,3,48000,0.745,0.745,0.205,41.935
case2_slippery_4x4,DQN,3,50000,0.73,0.73,0.15,44.54
case2_slippery_4x4,DQN,3,52000,0.55,0.55,0.105,62.505
case2_slippery_4x4,DQN,3,54000,0.75,0.75,0.16,46.275
case2_slippery_4x4,DQN,3,56000,0.74,0.74,0.145,43.775
case2_slippery_4x4,DQN,3,58000,0.765,0.765,0.13,43.52
case2_slippery_4x4,DQN,3,60000,0.725,0.725,0.195,43.7
case2_slippery_4x4,DQN,4,2000,0.07,0.07,0.93,13.075
case2_slippery_4x4,DQN,4,4000,0.43,0.43,0.55,30.36
case2_slippery_4x4,DQN,4,6000,0.365,0.365,0.62,30.23
case2_slippery_4x4,DQN,4,8000,0.575,0.575,0.345,41.355
case2_slippery_4x4,DQN,4,10000,0.455,0.455,0.53,27.815
case2_slippery_4x4,DQN,4,12000,0.705,0.705,0.235,40.7
case2_slippery_4x4,DQN,4,14000,0.375,0.375,0.61,26.205
case2_slippery_4x4,DQN,4,16000,0.42,0.42,0.56,28.61
case2_slippery_4x4,DQN,4,18000,0.525,0.525,0.465,33.025
case2_slippery_4x4,DQN,4,20000,0.735,0.735,0.2,42.865
case2_slippery_4x4,DQN,4,22000,0.735,0.735,0.205,41.195
case2_slippery_4x4,DQN,4,24000,0.695,0.695,0.25,38.235
case2_slippery_4x4,DQN,4,26000,0.64,0.64,0.295,36.855
case2_slippery_4x4,DQN,4,28000,0.58,0.58,0.385,36.19
case2_slippery_4x4,DQN,4,30000,0.735,0.735,0.215,42.355
case2_slippery_4x4,DQN,4,32000,0.76,0.76,0.195,42.245
case2_slippery_4x4,DQN,4,34000,0.725,0.725,0.18,42.22
case2_slippery_4x4,DQN,4,36000,0.715,0.715,0.25,36.435
case2_slippery_4x4,DQN,4,38000,0.75,0.75,0.21,36.895
case2_slippery_4x4,DQN,4,40000,0.695,0.695,0.235,41.35
case2_slippery_4x4,DQN,4,42000,0.725,0.725,0.235,39.335
case2_slippery_4x4,DQN,4,44000,0.74,0.74,0.18,47.475
case2_slippery_4x4,DQN,4,46000,0.725,0.725,0.2,42.475
case2_slippery_4x4,DQN,4,48000,0.715,0.715,0.225,41.705
case2_slippery_4x4,DQN,4,50000,0.75,0.75,0.18,39.51
case2_slippery_4x4,DQN,4,52000,0.75,0.75,0.2,41.095
case2_slippery_4x4,DQN,4,54000,0.765,0.765,0.175,39.385
case2_slippery_4x4,DQN,4,56000,0.74,0.74,0.155,46.25
case2_slippery_4x4,DQN,4,58000,0.0,0.0,0.0,100.0
case2_slippery_4x4,DQN,4,60000,0.73,0.73,0.145,44.28
case2_slippery_4x4,PPO,0,2000,0.0,0.0,1.0,7.49
case2_slippery_4x4,PPO,0,4000,0.04,0.04,0.96,7.73
case2_slippery_4x4,PPO,0,6000,0.085,0.085,0.915,16.24
case2_slippery_4x4,PPO,0,8000,0.145,0.145,0.855,21.09
case2_slippery_4x4,PPO,0,10000,0.28,0.28,0.72,23.485
case2_slippery_4x4,PPO,0,12000,0.27,0.27,0.725,24.375
case2_slippery_4x4,PPO,0,14000,0.265,0.265,0.73,24.165
case2_slippery_4x4,PPO,0,16000,0.215,0.215,0.78,22.485
case2_slippery_4x4,PPO,0,18000,0.435,0.435,0.52,35.945
case2_slippery_4x4,PPO,0,20000,0.585,0.585,0.33,42.32
case2_slippery_4x4,PPO,0,22000,0.29,0.29,0.7,28.85
case2_slippery_4x4,PPO,0,24000,0.21,0.21,0.775,28.83
case2_slippery_4x4,PPO,0,26000,0.32,0.32,0.67,27.03
case2_slippery_4x4,PPO,0,28000,0.55,0.55,0.35,46.075
case2_slippery_4x4,PPO,0,30000,0.63,0.63,0.295,41.49
case2_slippery_4x4,PPO,0,32000,0.51,0.51,0.39,45.12
case2_slippery_4x4,PPO,0,34000,0.545,0.545,0.35,46.245
case2_slippery_4x4,PPO,0,36000,0.595,0.595,0.3,47.12
case2_slippery_4x4,PPO,0,38000,0.585,0.585,0.305,41.945
case2_slippery_4x4,PPO,0,40000,0.675,0.675,0.23,43.715
case2_slippery_4x4,PPO,0,42000,0.755,0.755,0.19,40.755
case2_slippery_4x4,PPO,0,44000,0.595,0.595,0.34,43.565
case2_slippery_4x4,PPO,0,46000,0.725,0.725,0.215,41.8
case2_slippery_4x4,PPO,0,48000,0.755,0.755,0.205,39.95
case2_slippery_4x4,PPO,0,50000,0.65,0.65,0.28,43.305
case2_slippery_4x4,PPO,0,52000,0.625,0.625,0.295,43.04
case2_slippery_4x4,PPO,0,54000,0.595,0.595,0.305,48.01
case2_slippery_4x4,PPO,0,56000,0.57,0.57,0.34,43.965
case2_slippery_4x4,PPO,0,58000,0.62,0.62,0.265,46.815
case2_slippery_4x4,PPO,0,60000,0.68,0.68,0.22,40.9
case2_slippery_4x4,PPO,1,2000,0.0,0.0,0.99,26.66
case2_slippery_4x4,PPO,1,4000,0.145,0.145,0.855,22.44
case2_slippery_4x4,PPO,1,6000,0.1,0.1,0.9,19.62
case2_slippery_4x4,PPO,1,8000,0.115,0.115,0.885,22.815
case2_slippery_4x4,PPO,1,10000,0.67,0.67,0.275,40.32
case2_slippery_4x4,PPO,1,12000,0.69,0.69,0.23,45.305
case2_slippery_4x4,PPO,1,14000,0.485,0.485,0.48,39.585
case2_slippery_4x4,PPO,1,16000,0.61,0.61,0.345,36.81
case2_slippery_4x4,PPO,1,18000,0.565,0.565,0.4,35.715
case2_slippery_4x4,PPO,1,20000,0.585,0.585,0.37,36.795
case2_slippery_4x4,PPO,1,22000,0.61,0.61,0.375,32.73
case2_slippery_4x4,PPO,1,24000,0.58,0.58,0.375,36.725
case2_slippery_4x4,PPO,1,26000,0.61,0.61,0.375,33.915
case2_slippery_4x4,PPO,1,28000,0.65,0.65,0.32,34.235
case2_slippery_4x4,PPO,1,30000,0.665,0.665,0.31,36.14
case2_slippery_4x4,PPO,1,32000,0.555,0.555,0.405,33.775
case2_slippery_4x4,PPO,1,34000,0.58,0.58,0.405,34.585
case2_slippery_4x4,PPO,1,36000,0.615,0.615,0.345,36.905
case2_slippery_4x4,PPO,1,38000,0.63,0.63,0.335,35.06
case2_slippery_4x4,PPO,1,40000,0.63,0.63,0.335,36.68
case2_slippery_4x4,PPO,1,42000,0.655,0.655,0.32,33.995
case2_slippery_4x4,PPO,1,44000,0.61,0.61,0.365,35.335
case2_slippery_4x4,PPO,1,46000,0.59,0.59,0.39,36.945
case2_slippery_4x4,PPO,1,48000,0.61,0.61,0.36,38.455
case2_slippery_4x4,PPO,1,50000,0.53,0.53,0.43,38.165
case2_slippery_4x4,PPO,1,52000,0.625,0.625,0.355,34.435
case2_slippery_4x4,PPO,1,54000,0.6,0.6,0.385,36.185
case2_slippery_4x4,PPO,1,56000,0.58,0.58,0.38,35.54
case2_slippery_4x4,PPO,1,58000,0.59,0.59,0.37,34.91
case2_slippery_4x4,PPO,1,60000,0.7,0.7,0.28,37.07
case2_slippery_4x4,PPO,2,2000,0.03,0.03,0.97,8.935
case2_slippery_4x4,PPO,2,4000,0.09,0.09,0.91,15.215
case2_slippery_4x4,PPO,2,6000,0.295,0.295,0.705,27.335
case2_slippery_4x4,PPO,2,8000,0.13,0.13,0.87,13.095
case2_slippery_4x4,PPO,2,10000,0.23,0.23,0.77,15.74
case2_slippery_4x4,PPO,2,12000,0.29,0.29,0.7,29.445
case2_slippery_4x4,PPO,2,14000,0.425,0.425,0.575,26.825
case2_slippery_4x4,PPO,2,16000,0.58,0.58,0.375,33.82
case2_slippery_4x4,PPO,2,18000,0.475,0.475,0.505,31.79
case2_slippery_4x4,PPO,2,20000,0.6,0.6,0.365,34.29
case2_slippery_4x4,PPO,2,22000,0.605,0.605,0.35,39.995
case2_slippery_4x4,PPO,2,24000,0.575,0.575,0.38,36.255
case2_slippery_4x4,PPO,2,26000,0.575,0.575,0.365,37.83
case2_slippery_4x4,PPO,2,28000,0.575,0.575,0.4,35.655
case2_slippery_4x4,PPO,2,30000,0.615,0.615,0.325,38.715
case2_slippery_4x4,PPO,2,32000,0.62,0.62,0.35,36.355
case2_slippery_4x4,PPO,2,34000,0.6,0.6,0.355,35.93
case2_slippery_4x4,PPO,2,36000,0.615,0.615,0.35,35.13
case2_slippery_4x4,PPO,2,38000,0.63,0.63,0.345,35.56
case2_slippery_4x4,PPO,2,40000,0.58,0.58,0.385,35.215
case2_slippery_4x4,PPO,2,42000,0.585,0.585,0.38,39.585
case2_slippery_4x4,PPO,2,44000,0.56,0.56,0.415,32.77
case2_slippery_4x4,PPO,2,46000,0.585,0.585,0.375,36.86
case2_slippery_4x4,PPO,2,48000,0.665,0.665,0.285,36.16
case2_slippery_4x4,PPO,2,50000,0.63,0.63,0.34,35.32
case2_slippery_4x4,PPO,2,52000,0.6,0.6,0.375,36.01
case2_slippery_4x4,PPO,2,54000,0.575,0.575,0.395,36.85
case2_slippery_4x4,PPO,2,56000,0.595,0.595,0.37,37.41
case2_slippery_4x4,PPO,2,58000,0.6,0.6,0.36,35.61
case2_slippery_4x4,PPO,2,60000,0.595,0.595,0.38,33.34
case2_slippery_4x4,PPO,3,2000,0.04,0.04,0.96,5.83
case2_slippery_4x4,PPO,3,4000,0.135,0.135,0.865,18.71
case2_slippery_4x4,PPO,3,6000,0.035,0.035,0.965,5.605
case2_slippery_4x4,PPO,3,8000,0.115,0.115,0.885,12.955
case2_slippery_4x4,PPO,3,10000,0.03,0.03,0.97,5.005
case2_slippery_4x4,PPO,3,12000,0.05,0.05,0.95,6.635
case2_slippery_4x4,PPO,3,14000,0.095,0.095,0.905,9.66
case2_slippery_4x4,PPO,3,16000,0.095,0.095,0.905,7.565
case2_slippery_4x4,PPO,3,18000,0.095,0.095,0.905,11.315
case2_slippery_4x4,PPO,3,20000,0.12,0.12,0.88,7.55
case2_slippery_4x4,PPO,3,22000,0.1,0.1,0.9,12.66
case2_slippery_4x4,PPO,3,24000,0.13,0.13,0.87,12.2
case2_slippery_4x4,PPO,3,26000,0.205,0.205,0.795,13.95
case2_slippery_4x4,PPO,3,28000,0.205,0.205,0.795,13.705
case2_slippery_4x4,PPO,3,30000,0.185,0.185,0.815,12.85
case2_slippery_4x4,PPO,3,32000,0.23,0.23,0.77,15.17
case2_slippery_4x4,PPO,3,34000,0.26,0.26,0.74,13.99
case2_slippery_4x4,PPO,3,36000,0.225,0.225,0.775,14.27
case2_slippery_4x4,PPO,3,38000,0.26,0.26,0.74,15.0
case2_slippery_4x4,PPO,3,40000,0.255,0.255,0.745,15.35
case2_slippery_4x4,PPO,3,42000,0.17,0.17,0.83,14.255
case2_slippery_4x4,PPO,3,44000,0.215,0.215,0.785,14.525
case2_slippery_4x4,PPO,3,46000,0.255,0.255,0.745,15.485
case2_slippery_4x4,PPO,3,48000,0.2,0.2,0.8,14.295
case2_slippery_4x4,PPO,3,50000,0.2,0.2,0.8,13.68
case2_slippery_4x4,PPO,3,52000,0.235,0.235,0.765,13.84
case2_slippery_4x4,PPO,3,54000,0.175,0.175,0.825,14.155
case2_slippery_4x4,PPO,3,56000,0.24,0.24,0.76,13.915
case2_slippery_4x4,PPO,3,58000,0.23,0.23,0.77,14.185
case2_slippery_4x4,PPO,3,60000,0.18,0.18,0.82,15.325
case2_slippery_4x4,PPO,4,2000,0.035,0.035,0.965,8.615
case2_slippery_4x4,PPO,4,4000,0.055,0.055,0.945,7.565
case2_slippery_4x4,PPO,4,6000,0.0,0.0,1.0,8.955
case2_slippery_4x4,PPO,4,8000,0.08,0.08,0.92,7.615
case2_slippery_4x4,PPO,4,10000,0.0,0.0,1.0,7.09
case2_slippery_4x4,PPO,4,12000,0.105,0.105,0.895,7.4
case2_slippery_4x4,PPO,4,14000,0.105,0.105,0.895,8.635
case2_slippery_4x4,PPO,4,16000,0.175,0.175,0.825,16.53
case2_slippery_4x4,PPO,4,18000,0.075,0.075,0.925,7.56
case2_slippery_4x4,PPO,4,20000,0.2,0.2,0.8,13.975
case2_slippery_4x4,PPO,4,22000,0.185,0.185,0.815,13.915
case2_slippery_4x4,PPO,4,24000,0.13,0.13,0.87,14.07
case2_slippery_4x4,PPO,4,26000,0.195,0.195,0.805,12.94
case2_slippery_4x4,PPO,4,28000,0.21,0.21,0.79,14.74
case2_slippery_4x4,PPO,4,30000,0.26,0.26,0.74,15.22
case2_slippery_4x4,PPO,4,32000,0.17,0.17,0.83,14.785
case2_slippery_4x4,PPO,4,34000,0.245,0.245,0.755,19.75
case2_slippery_4x4,PPO,4,36000,0.325,0.325,0.67,21.055
case2_slippery_4x4,PPO,4,38000,0.32,0.32,0.68,22.12
case2_slippery_4x4,PPO,4,40000,0.255,0.255,0.745,20.845
case2_slippery_4x4,PPO,4,42000,0.245,0.245,0.755,19.69
case2_slippery_4x4,PPO,4,44000,0.25,0.25,0.75,19.22
case2_slippery_4x4,PPO,4,46000,0.27,0.27,0.73,19.97
case2_slippery_4x4,PPO,4,48000,0.315,0.315,0.685,20.235
case2_slippery_4x4,PPO,4,50000,0.275,0.275,0.72,22.055
case2_slippery_4x4,PPO,4,52000,0.26,0.26,0.74,20.125
case2_slippery_4x4,PPO,4,54000,0.3,0.3,0.695,19.855
case2_slippery_4x4,PPO,4,56000,0.31,0.31,0.69,20.395
case2_slippery_4x4,PPO,4,58000,0.27,0.27,0.73,20.35
case2_slippery_4x4,PPO,4,60000,0.295,0.295,0.705,19.945
case3_hard_slippery_8x8,DQN,0,2000,0.0,0.0,0.985,27.62
case3_hard_slippery_8x8,DQN,0,4000,0.005,0.005,0.99,28.905
case3_hard_slippery_8x8,DQN,0,6000,0.0,0.0,0.49,82.01
case3_hard_slippery_8x8,DQN,0,8000,0.0,0.0,0.13,95.14
case3_hard_slippery_8x8,DQN,0,10000,0.015,0.015,0.935,34.36
case3_hard_slippery_8x8,DQN,0,12000,0.0,0.0,0.67,71.66
case3_hard_slippery_8x8,DQN,0,14000,0.0,0.0,0.69,69.25
case3_hard_slippery_8x8,DQN,0,16000,0.005,0.005,0.355,84.55
case3_hard_slippery_8x8,DQN,0,18000,0.0,0.0,0.0,100.0
case3_hard_slippery_8x8,DQN,0,20000,0.055,0.055,0.87,45.78
case3_hard_slippery_8x8,DQN,0,22000,0.02,0.02,0.555,68.915
case3_hard_slippery_8x8,DQN,0,24000,0.0,0.0,0.92,25.225
case3_hard_slippery_8x8,DQN,0,26000,0.185,0.185,0.535,66.92
case3_hard_slippery_8x8,DQN,0,28000,0.18,0.18,0.295,84.905
case3_hard_slippery_8x8,DQN,0,30000,0.175,0.175,0.325,82.33
case3_hard_slippery_8x8,DQN,0,32000,0.0,0.0,0.0,100.0
case3_hard_slippery_8x8,DQN,0,34000,0.13,0.13,0.505,72.145
case3_hard_slippery_8x8,DQN,0,36000,0.055,0.055,0.615,69.85
case3_hard_slippery_8x8,DQN,0,38000,0.01,0.01,0.755,56.22
case3_hard_slippery_8x8,DQN,0,40000,0.145,0.145,0.21,87.97
case3_hard_slippery_8x8,DQN,0,42000,0.055,0.055,0.91,30.87
case3_hard_slippery_8x8,DQN,0,44000,0.12,0.12,0.4,80.105
case3_hard_slippery_8x8,DQN,0,46000,0.04,0.04,0.19,93.155
case3_hard_slippery_8x8,DQN,0,48000,0.165,0.165,0.505,72.07
case3_hard_slippery_8x8,DQN,0,50000,0.06,0.06,0.605,70.045
case3_hard_slippery_8x8,DQN,0,52000,0.07,0.07,0.455,79.88
case3_hard_slippery_8x8,DQN,0,54000,0.055,0.055,0.5,76.38
case3_hard_slippery_8x8,DQN,0,56000,0.25,0.25,0.425,72.875
case3_hard_slippery_8x8,DQN,0,58000,0.055,0.055,0.505,77.915
case3_hard_slippery_8x8,DQN,0,60000,0.085,0.085,0.77,61.08
case3_hard_slippery_8x8,DQN,0,62000,0.035,0.035,0.755,60.47
case3_hard_slippery_8x8,DQN,0,64000,0.125,0.125,0.42,78.08
case3_hard_slippery_8x8,DQN,0,66000,0.485,0.485,0.065,81.495
case3_hard_slippery_8x8,DQN,0,68000,0.395,0.395,0.05,85.26
case3_hard_slippery_8x8,DQN,0,70000,0.12,0.12,0.035,94.9
case3_hard_slippery_8x8,DQN,0,72000,0.365,0.365,0.03,86.8
case3_hard_slippery_8x8,DQN,0,74000,0.245,0.245,0.045,91.62
case3_hard_slippery_8x8,DQN,0,76000,0.36,0.36,0.075,82.83
case3_hard_slippery_8x8,DQN,0,78000,0.405,0.405,0.14,81.85
case3_hard_slippery_8x8,DQN,0,80000,0.315,0.315,0.0,91.165
case3_hard_slippery_8x8,DQN,0,82000,0.0,0.0,0.0,100.0
case3_hard_slippery_8x8,DQN,0,84000,0.13,0.13,0.285,80.475
case3_hard_slippery_8x8,DQN,0,86000,0.125,0.125,0.19,89.18
case3_hard_slippery_8x8,DQN,0,88000,0.29,0.29,0.0,93.01
case3_hard_slippery_8x8,DQN,0,90000,0.17,0.17,0.09,89.195
case3_hard_slippery_8x8,DQN,0,92000,0.375,0.375,0.02,86.18
case3_hard_slippery_8x8,DQN,0,94000,0.185,0.185,0.27,81.45
case3_hard_slippery_8x8,DQN,0,96000,0.37,0.37,0.14,80.125
case3_hard_slippery_8x8,DQN,0,98000,0.45,0.45,0.09,82.6
case3_hard_slippery_8x8,DQN,0,100000,0.395,0.395,0.105,82.475
case3_hard_slippery_8x8,DQN,0,102000,0.27,0.27,0.36,73.405
case3_hard_slippery_8x8,DQN,0,104000,0.34,0.34,0.325,68.59
case3_hard_slippery_8x8,DQN,0,106000,0.15,0.15,0.025,94.845
case3_hard_slippery_8x8,DQN,0,108000,0.38,0.38,0.26,71.75
case3_hard_slippery_8x8,DQN,0,110000,0.365,0.365,0.28,69.365
case3_hard_slippery_8x8,DQN,0,112000,0.325,0.325,0.365,67.57
case3_hard_slippery_8x8,DQN,0,114000,0.4,0.4,0.285,69.265
case3_hard_slippery_8x8,DQN,0,116000,0.42,0.42,0.055,84.06
case3_hard_slippery_8x8,DQN,0,118000,0.47,0.47,0.21,69.255
case3_hard_slippery_8x8,DQN,0,120000,0.2,0.2,0.215,87.285
case3_hard_slippery_8x8,DQN,1,2000,0.0,0.0,0.995,27.275
case3_hard_slippery_8x8,DQN,1,4000,0.0,0.0,0.55,78.955
case3_hard_slippery_8x8,DQN,1,6000,0.0,0.0,0.0,100.0
case3_hard_slippery_8x8,DQN,1,8000,0.0,0.0,0.0,100.0
case3_hard_slippery_8x8,DQN,1,10000,0.025,0.025,0.345,83.28
case3_hard_slippery_8x8,DQN,1,12000,0.0,0.0,0.0,100.0
case3_hard_slippery_8x8,DQN,1,14000,0.0,0.0,0.785,58.775
case3_hard_slippery_8x8,DQN,1,16000,0.0,0.0,0.0,100.0
case3_hard_slippery_8x8,DQN,1,18000,0.0,0.0,0.265,91.615
case3_hard_slippery_8x8,DQN,1,20000,0.0,0.0,0.135,95.325
case3_hard_slippery_8x8,DQN,1,22000,0.0,0.0,0.0,100.0
case3_hard_slippery_8x8,DQN,1,24000,0.0,0.0,0.0,100.0
case3_hard_slippery_8x8,DQN,1,26000,0.0,0.0,0.0,100.0
case3_hard_slippery_8x8,DQN,1,28000,0.0,0.0,0.355,88.315
case3_hard_slippery_8x8,DQN,1,30000,0.0,0.0,0.0,100.0
case3_hard_slippery_8x8,DQN,1,32000,0.0,0.0,0.0,100.0
case3_hard_slippery_8x8,DQN,1,34000,0.0,0.0,0.385,84.365
case3_hard_slippery_8x8,DQN,1,36000,0.0,0.0,0.0,100.0
case3_hard_slippery_8x8,DQN,1,38000,0.0,0.0,0.175,94.245
case3_hard_slippery_8x8,DQN,1,40000,0.0,0.0,0.51,78.095
case3_hard_slippery_8x8,DQN,1,42000,0.0,0.0,0.435,83.25
case3_hard_slippery_8x8,DQN,1,44000,0.055,0.055,0.18,91.395
case3_hard_slippery_8x8,DQN,1,46000,0.0,0.0,0.0,100.0
case3_hard_slippery_8x8,DQN,1,48000,0.0,0.0,0.24,90.25
case3_hard_slippery_8x8,DQN,1,50000,0.0,0.0,0.005,99.675
case3_hard_slippery_8x8,DQN,1,52000,0.0,0.0,0.27,90.04
case3_hard_slippery_8x8,DQN,1,54000,0.0,0.0,0.0,100.0
case3_hard_slippery_8x8,DQN,1,56000,0.02,0.02,0.265,88.805
case3_hard_slippery_8x8,DQN,1,58000,0.0,0.0,0.0,100.0
case3_hard_slippery_8x8,DQN,1,60000,0.0,0.0,0.0,100.0
case3_hard_slippery_8x8,DQN,1,62000,0.0,0.0,0.09,97.21
case3_hard_slippery_8x8,DQN,1,64000,0.0,0.0,0.0,100.0
case3_hard_slippery_8x8,DQN,1,66000,0.0,0.0,0.0,100.0
case3_hard_slippery_8x8,DQN,1,68000,0.0,0.0,0.0,100.0
case3_hard_slippery_8x8,DQN,1,70000,0.0,0.0,0.04,97.9
case3_hard_slippery_8x8,DQN,1,72000,0.0,0.0,0.0,100.0
case3_hard_slippery_8x8,DQN,1,74000,0.0,0.0,0.0,100.0
case3_hard_slippery_8x8,DQN,1,76000,0.0,0.0,0.305,88.06
case3_hard_slippery_8x8,DQN,1,78000,0.0,0.0,0.0,100.0
case3_hard_slippery_8x8,DQN,1,80000,0.0,0.0,0.0,100.0
case3_hard_slippery_8x8,DQN,1,82000,0.0,0.0,0.0,100.0
case3_hard_slippery_8x8,DQN,1,84000,0.0,0.0,0.0,100.0
case3_hard_slippery_8x8,DQN,1,86000,0.0,0.0,0.08,98.44
case3_hard_slippery_8x8,DQN,1,88000,0.06,0.06,0.445,79.065
case3_hard_slippery_8x8,DQN,1,90000,0.0,0.0,0.0,100.0
case3_hard_slippery_8x8,DQN,1,92000,0.05,0.05,0.24,88.445
case3_hard_slippery_8x8,DQN,1,94000,0.06,0.06,0.745,49.0
case3_hard_slippery_8x8,DQN,1,96000,0.0,0.0,0.0,100.0
case3_hard_slippery_8x8,DQN,1,98000,0.04,0.04,0.57,74.74
case3_hard_slippery_8x8,DQN,1,100000,0.12,0.12,0.295,84.7
case3_hard_slippery_8x8,DQN,1,102000,0.0,0.0,0.775,66.68
case3_hard_slippery_8x8,DQN,1,104000,0.055,0.055,0.7,55.32
case3_hard_slippery_8x8,DQN,1,106000,0.0,0.0,0.0,100.0
case3_hard_slippery_8x8,DQN,1,108000,0.0,0.0,0.105,96.375
case3_hard_slippery_8x8,DQN,1,110000,0.0,0.0,0.095,97.155
case3_hard_slippery_8x8,DQN,1,112000,0.23,0.23,0.45,69.11
case3_hard_slippery_8x8,DQN,1,114000,0.4,0.4,0.3,68.625
case3_hard_slippery_8x8,DQN,1,116000,0.0,0.0,0.0,100.0
case3_hard_slippery_8x8,DQN,1,118000,0.18,0.18,0.52,70.845
case3_hard_slippery_8x8,DQN,1,120000,0.18,0.18,0.455,72.29
case3_hard_slippery_8x8,DQN,2,2000,0.0,0.0,1.0,4.655
case3_hard_slippery_8x8,DQN,2,4000,0.0,0.0,1.0,4.74
case3_hard_slippery_8x8,DQN,2,6000,0.0,0.0,1.0,4.41
case3_hard_slippery_8x8,DQN,2,8000,0.0,0.0,1.0,4.815
case3_hard_slippery_8x8,DQN,2,10000,0.0,0.0,1.0,4.465
case3_hard_slippery_8x8,DQN,2,12000,0.0,0.0,1.0,7.79
case3_hard_slippery_8x8,DQN,2,14000,0.0,0.0,1.0,15.35
case3_hard_slippery_8x8,DQN,2,16000,0.0,0.0,0.965,27.96
case3_hard_slippery_8x8,DQN,2,18000,0.085,0.085,0.77,49.045
case3_hard_slippery_8x8,DQN,2,20000,0.0,0.0,0.95,41.255
case3_hard_slippery_8x8,DQN,2,22000,0.0,0.0,0.99,24.8
case3_hard_slippery_8x8,DQN,2,24000,0.0,0.0,0.97,33.125
case3_hard_slippery_8x8,DQN,2,26000,0.0,0.0,0.99,12.225
case3_hard_slippery_8x8,DQN,2,28000,0.015,0.015,0.98,7.46
case3_hard_slippery_8x8,DQN,2,30000,0.29,0.29,0.385,66.4
case3_hard_slippery_8x8,DQN,2,32000,0.0,0.0,0.99,25.265
case3_hard_slippery_8x8,DQN,2,34000,0.105,0.105,0.81,32.185
case3_hard_slippery_8x8,DQN,2,36000,0.0,0.0,0.995,28.465
case3_hard_slippery_8x8,DQN,2,38000,0.0,0.0,0.985,29.215
case3_hard_slippery_8x8,DQN,2,40000,0.035,0.035,0.93,13.03
case3_hard_slippery_8x8,DQN,2,42000,0.0,0.0,0.43,84.0
case3_hard_slippery_8x8,DQN,2,44000,0.05,0.05,0.935,16.045
case3_hard_slippery_8x8,DQN,2,46000,0.125,0.125,0.775,40.11
case3_hard_slippery_8x8,DQN,2,48000,0.105,0.105,0.57,63.14
case3_hard_slippery_8x8,DQN,2,50000,0.14,0.14,0.0,95.225
case3_hard_slippery_8x8,DQN,2,52000,0.0,0.0,0.0,100.0
case3_hard_slippery_8x8,DQN,2,54000,0.095,0.095,0.195,89.005
case3_hard_slippery_8x8,DQN,2,56000,0.325,0.325,0.185,80.305
case3_hard_slippery_8x8,DQN,2,58000,0.16,0.16,0.615,57.43
case3_hard_slippery_8x8,DQN,2,60000,0.115,0.115,0.825,30.02
case3_hard_slippery_8x8,DQN,2,62000,0.105,0.105,0.215,87.175
case3_hard_slippery_8x8,DQN,2,64000,0.175,0.175,0.09,90.6
case3_hard_slippery_8x8,DQN,2,66000,0.17,0.17,0.325,77.79
case3_hard_slippery_8x8,DQN,2,68000,0.165,0.165,0.715,42.775
case3_hard_slippery_8x8,DQN,2,70000,0.43,0.43,0.105,81.12
case3_hard_slippery_8x8,DQN,2,72000,0.18,0.18,0.185,84.365
case3_hard_slippery_8x8,DQN,2,74000,0.395,0.395,0.245,71.83
case3_hard_slippery_8x8,DQN,2,76000,0.355,0.355,0.17,80.34
case3_hard_slippery_8x8,DQN,2,78000,0.28,0.28,0.29,77.825
case3_hard_slippery_8x8,DQN,2,80000,0.28,0.28,0.38,72.52
case3_hard_slippery_8x8,DQN,2,82000,0.1,0.1,0.47,74.555
case3_hard_slippery_8x8,DQN,2,84000,0.085,0.085,0.415,78.82
case3_hard_slippery_8x8,DQN,2,86000,0.29,0.29,0.04,89.005
case3_hard_slippery_8x8,DQN,2,88000,0.355,0.355,0.07,84.85
case3_hard_slippery_8x8,DQN,2,90000,0.39,0.39,0.09,83.245
case3_hard_slippery_8x8,DQN,2,92000,0.385,0.385,0.255,72.185
case3_hard_slippery_8x8,DQN,2,94000,0.385,0.385,0.33,68.5
case3_hard_slippery_8x8,DQN,2,96000,0.355,0.355,0.0,89.25
case3_hard_slippery_8x8,DQN,2,98000,0.325,0.325,0.11,84.555
case3_hard_slippery_8x8,DQN,2,100000,0.43,0.43,0.2,73.505
case3_hard_slippery_8x8,DQN,2,102000,0.38,0.38,0.285,69.085
case3_hard_slippery_8x8,DQN,2,104000,0.335,0.335,0.07,87.365
case3_hard_slippery_8x8,DQN,2,106000,0.44,0.44,0.245,73.935
case3_hard_slippery_8x8,DQN,2,108000,0.34,0.34,0.09,85.73
case3_hard_slippery_8x8,DQN,2,110000,0.405,0.405,0.23,72.085
case3_hard_slippery_8x8,DQN,2,112000,0.415,0.415,0.235,74.61
case3_hard_slippery_8x8,DQN,2,114000,0.33,0.33,0.0,89.675
case3_hard_slippery_8x8,DQN,2,116000,0.45,0.45,0.09,81.57
case3_hard_slippery_8x8,DQN,2,118000,0.43,0.43,0.035,84.83
case3_hard_slippery_8x8,DQN,2,120000,0.42,0.42,0.015,85.745
case3_hard_slippery_8x8,DQN,3,2000,0.0,0.0,1.0,16.395
case3_hard_slippery_8x8,DQN,3,4000,0.0,0.0,0.965,32.88
case3_hard_slippery_8x8,DQN,3,6000,0.0,0.0,0.185,94.675
case3_hard_slippery_8x8,DQN,3,8000,0.0,0.0,0.445,83.93
case3_hard_slippery_8x8,DQN,3,10000,0.0,0.0,0.49,79.135
case3_hard_slippery_8x8,DQN,3,12000,0.0,0.0,0.0,100.0
case3_hard_slippery_8x8,DQN,3,14000,0.0,0.0,0.13,96.17
case3_hard_slippery_8x8,DQN,3,16000,0.0,0.0,0.0,100.0
case3_hard_slippery_8x8,DQN,3,18000,0.0,0.0,0.0,100.0
case3_hard_slippery_8x8,DQN,3,20000,0.0,0.0,0.0,100.0
case3_hard_slippery_8x8,DQN,3,22000,0.0,0.0,0.0,100.0
case3_hard_slippery_8x8,DQN,3,24000,0.0,0.0,0.605,74.435
case3_hard_slippery_8x8,DQN,3,26000,0.0,0.0,0.0,100.0
case3_hard_slippery_8x8,DQN,3,28000,0.0,0.0,0.075,97.15
case3_hard_slippery_8x8,DQN,3,30000,0.0,0.0,0.0,100.0
case3_hard_slippery_8x8,DQN,3,32000,0.0,0.0,0.0,100.0
case3_hard_slippery_8x8,DQN,3,34000,0.005,0.005,0.335,86.56
case3_hard_slippery_8x8,DQN,3,36000,0.06,0.06,0.57,67.175
case3_hard_slippery_8x8,DQN,3,38000,0.05,0.05,0.605,71.09
case3_hard_slippery_8x8,DQN,3,40000,0.05,0.05,0.905,23.035
case3_hard_slippery_8x8,DQN,3,42000,0.0,0.0,0.0,100.0
case3_hard_slippery_8x8,DQN,3,44000,0.0,0.0,0.0,100.0
case3_hard_slippery_8x8,DQN,3,46000,0.06,0.06,0.575,71.91
case3_hard_slippery_8x8,DQN,3,48000,0.275,0.275,0.305,74.355
case3_hard_slippery_8x8,DQN,3,50000,0.485,0.485,0.16,74.21
case3_hard_slippery_8x8,DQN,3,52000,0.36,0.36,0.085,84.175
case3_hard_slippery_8x8,DQN,3,54000,0.43,0.43,0.205,72.685
case3_hard_slippery_8x8,DQN,3,56000,0.09,0.09,0.88,22.875
case3_hard_slippery_8x8,DQN,3,58000,0.315,0.315,0.35,67.175
case3_hard_slippery_8x8,DQN,3,60000,0.165,0.165,0.285,80.545
case3_hard_slippery_8x8,DQN,3,62000,0.19,0.19,0.275,79.44
case3_hard_slippery_8x8,DQN,3,64000,0.0,0.0,0.0,100.0
case3_hard_slippery_8x8,DQN,3,66000,0.15,0.15,0.525,65.78
case3_hard_slippery_8x8,DQN,3,68000,0.21,0.21,0.505,64.555
case3_hard_slippery_8x8,DQN,3,70000,0.4,0.4,0.09,82.755
case3_hard_slippery_8x8,DQN,3,72000,0.13,0.13,0.195,90.24
case3_hard_slippery_8x8,DQN,3,74000,0.225,0.225,0.125,86.8
case3_hard_slippery_8x8,DQN,3,76000,0.32,0.32,0.36,66.61
case3_hard_slippery_8x8,DQN,3,78000,0.385,0.385,0.08,83.525
case3_hard_slippery_8x8,DQN,3,80000,0.425,0.425,0.05,82.43
case3_hard_slippery_8x8,DQN,3,82000,0.355,0.355,0.28,72.15
case3_hard_slippery_8x8,DQN,3,84000,0.375,0.375,0.315,67.14
case3_hard_slippery_8x8,DQN,3,86000,0.085,0.085,0.585,69.74
case3_hard_slippery_8x8,DQN,3,88000,0.24,0.24,0.435,70.89
case3_hard_slippery_8x8,DQN,3,90000,0.46,0.46,0.25,69.415
case3_hard_slippery_8x8,DQN,3,92000,0.32,0.32,0.39,67.9
case3_hard_slippery_8x8,DQN,3,94000,0.415,0.415,0.24,72.68
case3_hard_slippery_8x8,DQN,3,96000,0.355,0.355,0.275,70.945
case3_hard_slippery_8x8,DQN,3,98000,0.415,0.415,0.285,69.06
case3_hard_slippery_8x8,DQN,3,100000,0.37,0.37,0.1,84.205
case3_hard_slippery_8x8,DQN,3,102000,0.38,0.38,0.285,69.775
case3_hard_slippery_8x8,DQN,3,104000,0.45,0.45,0.205,73.955
case3_hard_slippery_8x8,DQN,3,106000,0.375,0.375,0.24,75.125
case3_hard_slippery_8x8,DQN,3,108000,0.225,0.225,0.25,80.615
case3_hard_slippery_8x8,DQN,3,110000,0.13,0.13,0.44,74.27
case3_hard_slippery_8x8,DQN,3,112000,0.295,0.295,0.155,84.865
case3_hard_slippery_8x8,DQN,3,114000,0.34,0.34,0.125,85.015
case3_hard_slippery_8x8,DQN,3,116000,0.22,0.22,0.0,92.79
case3_hard_slippery_8x8,DQN,3,118000,0.36,0.36,0.315,66.095
case3_hard_slippery_8x8,DQN,3,120000,0.355,0.355,0.0,90.0
case3_hard_slippery_8x8,DQN,4,2000,0.0,0.0,0.97,32.635
case3_hard_slippery_8x8,DQN,4,4000,0.025,0.025,0.6,73.95
case3_hard_slippery_8x8,DQN,4,6000,0.0,0.0,0.215,91.855
case3_hard_slippery_8x8,DQN,4,8000,0.02,0.02,0.105,95.67
case3_hard_slippery_8x8,DQN,4,10000,0.1,0.1,0.265,83.95
case3_hard_slippery_8x8,DQN,4,12000,0.09,0.09,0.575,68.775
case3_hard_slippery_8x8,DQN,4,14000,0.01,0.01,0.665,67.4
case3_hard_slippery_8x8,DQN,4,16000,0.0,0.0,0.0,100.0
case3_hard_slippery_8x8,DQN,4,18000,0.115,0.115,0.455,74.18
case3_hard_slippery_8x8,DQN,4,20000,0.0,0.0,0.0,100.0
case3_hard_slippery_8x8,DQN,4,22000,0.145,0.145,0.69,49.07
case3_hard_slippery_8x8,DQN,4,24000,0.005,0.005,0.685,63.16
case3_hard_slippery_8x8,DQN,4,26000,0.0,0.0,0.0,100.0
case3_hard_slippery_8x8,DQN,4,28000,0.0,0.0,0.0,100.0
case3_hard_slippery_8x8,DQN,4,30000,0.0,0.0,0.0,100.0
case3_hard_slippery_8x8,DQN,4,32000,0.2,0.2,0.175,88.51
case3_hard_slippery_8x8,DQN,4,34000,0.145,0.145,0.695,51.305
case3_hard_slippery_8x8,DQN,4,36000,0.185,0.185,0.19,86.69
case3_hard_slippery_8x8,DQN,4,38000,0.16,0.16,0.615,54.785
case3_hard_slippery_8x8,DQN,4,40000,0.15,0.15,0.255,82.995
case3_hard_slippery_8x8,DQN,4,42000,0.255,0.255,0.245,75.75
case3_hard_slippery_8x8,DQN,4,44000,0.195,0.195,0.17,81.245
case3_hard_slippery_8x8,DQN,4,46000,0.2,0.2,0.45,72.625
case3_hard_slippery_8x8,DQN,4,48000,0.19,0.19,0.305,79.265
case3_hard_slippery_8x8,DQN,4,50000,0.39,0.39,0.22,71.655
case3_hard_slippery_8x8,DQN,4,52000,0.355,0.355,0.155,81.58
case3_hard_slippery_8x8,DQN,4,54000,0.265,0.265,0.4,70.425
case3_hard_slippery_8x8,DQN,4,56000,0.24,0.24,0.21,81.64
case3_hard_slippery_8x8,DQN,4,58000,0.14,0.14,0.595,58.835
case3_hard_slippery_8x8,DQN,4,60000,0.3,0.3,0.17,80.725
case3_hard_slippery_8x8,DQN,4,62000,0.46,0.46,0.08,81.235
case3_hard_slippery_8x8,DQN,4,64000,0.21,0.21,0.065,90.72
case3_hard_slippery_8x8,DQN,4,66000,0.43,0.43,0.245,71.82
case3_hard_slippery_8x8,DQN,4,68000,0.445,0.445,0.23,69.03
case3_hard_slippery_8x8,DQN,4,70000,0.285,0.285,0.38,72.265
case3_hard_slippery_8x8,DQN,4,72000,0.365,0.365,0.07,84.655
case3_hard_slippery_8x8,DQN,4,74000,0.41,0.41,0.275,70.29
case3_hard_slippery_8x8,DQN,4,76000,0.41,0.41,0.325,65.92
case3_hard_slippery_8x8,DQN,4,78000,0.42,0.42,0.215,73.115
case3_hard_slippery_8x8,DQN,4,80000,0.245,0.245,0.205,81.265
case3_hard_slippery_8x8,DQN,4,82000,0.455,0.455,0.195,72.405
case3_hard_slippery_8x8,DQN,4,84000,0.215,0.215,0.445,69.29
case3_hard_slippery_8x8,DQN,4,86000,0.205,0.205,0.225,81.75
case3_hard_slippery_8x8,DQN,4,88000,0.24,0.24,0.2,83.55
case3_hard_slippery_8x8,DQN,4,90000,0.455,0.455,0.175,74.925
case3_hard_slippery_8x8,DQN,4,92000,0.415,0.415,0.265,70.025
case3_hard_slippery_8x8,DQN,4,94000,0.0,0.0,0.0,100.0
case3_hard_slippery_8x8,DQN,4,96000,0.13,0.13,0.005,95.66
case3_hard_slippery_8x8,DQN,4,98000,0.28,0.28,0.15,85.0
case3_hard_slippery_8x8,DQN,4,100000,0.335,0.335,0.345,72.685
case3_hard_slippery_8x8,DQN,4,102000,0.395,0.395,0.06,82.84
case3_hard_slippery_8x8,DQN,4,104000,0.4,0.4,0.18,76.265
case3_hard_slippery_8x8,DQN,4,106000,0.33,0.33,0.105,83.945
case3_hard_slippery_8x8,DQN,4,108000,0.185,0.185,0.015,93.785
case3_hard_slippery_8x8,DQN,4,110000,0.38,0.38,0.095,81.205
case3_hard_slippery_8x8,DQN,4,112000,0.455,0.455,0.23,71.7
case3_hard_slippery_8x8,DQN,4,114000,0.4,0.4,0.05,84.715
case3_hard_slippery_8x8,DQN,4,116000,0.33,0.33,0.025,89.635
case3_hard_slippery_8x8,DQN,4,118000,0.29,0.29,0.0,91.915
case3_hard_slippery_8x8,DQN,4,120000,0.425,0.425,0.06,82.82
case3_hard_slippery_8x8,PPO,0,2000,0.0,0.0,1.0,16.835
case3_hard_slippery_8x8,PPO,0,4000,0.0,0.0,0.97,32.195
case3_hard_slippery_8x8,PPO,0,6000,0.0,0.0,0.99,25.49
case3_hard_slippery_8x8,PPO,0,8000,0.0,0.0,1.0,7.325
case3_hard_slippery_8x8,PPO,0,10000,0.0,0.0,1.0,7.19
case3_hard_slippery_8x8,PPO,0,12000,0.0,0.0,1.0,24.605
case3_hard_slippery_8x8,PPO,0,14000,0.0,0.0,1.0,21.47
case3_hard_slippery_8x8,PPO,0,16000,0.0,0.0,1.0,13.03
case3_hard_slippery_8x8,PPO,0,18000,0.0,0.0,1.0,12.145
case3_hard_slippery_8x8,PPO,0,20000,0.0,0.0,0.965,32.665
case3_hard_slippery_8x8,PPO,0,22000,0.0,0.0,0.89,44.36
case3_hard_slippery_8x8,PPO,0,24000,0.0,0.0,0.97,32.285
case3_hard_slippery_8x8,PPO,0,26000,0.0,0.0,0.99,31.5
case3_hard_slippery_8x8,PPO,0,28000,0.0,0.0,0.93,39.705
case3_hard_slippery_8x8,PPO,0,30000,0.0,0.0,0.91,40.515
case3_hard_slippery_8x8,PPO,0,32000,0.0,0.0,0.94,37.815
case3_hard_slippery_8x8,PPO,0,34000,0.0,0.0,0.72,64.745
case3_hard_slippery_8x8,PPO,0,36000,0.0,0.0,0.71,64.02
case3_hard_slippery_8x8,PPO,0,38000,0.0,0.0,0.78,59.09
case3_hard_slippery_8x8,PPO,0,40000,0.0,0.0,0.71,62.325
case3_hard_slippery_8x8,PPO,0,42000,0.0,0.0,0.98,23.685
case3_hard_slippery_8x8,PPO,0,44000,0.0,0.0,0.745,63.295
case3_hard_slippery_8x8,PPO,0,46000,0.0,0.0,0.985,20.03
case3_hard_slippery_8x8,PPO,0,48000,0.0,0.0,1.0,14.25
case3_hard_slippery_8x8,PPO,0,50000,0.0,0.0,0.99,34.505
case3_hard_slippery_8x8,PPO,0,52000,0.0,0.0,1.0,5.605
case3_hard_slippery_8x8,PPO,0,54000,0.0,0.0,1.0,5.625
case3_hard_slippery_8x8,PPO,0,56000,0.0,0.0,1.0,15.63
case3_hard_slippery_8x8,PPO,0,58000,0.0,0.0,0.305,88.79
case3_hard_slippery_8x8,PPO,0,60000,0.0,0.0,0.64,69.755
case3_hard_slippery_8x8,PPO,0,62000,0.0,0.0,0.395,83.415
case3_hard_slippery_8x8,PPO,0,64000,0.0,0.0,0.965,31.89
case3_hard_slippery_8x8,PPO,0,66000,0.0,0.0,0.59,75.42
case3_hard_slippery_8x8,PPO,0,68000,0.0,0.0,0.675,68.985
case3_hard_slippery_8x8,PPO,0,70000,0.0,0.0,0.0,100.0
case3_hard_slippery_8x8,PPO,0,72000,0.0,0.0,0.0,100.0
case3_hard_slippery_8x8,PPO,0,74000,0.0,0.0,0.0,100.0
case3_hard_slippery_8x8,PPO,0,76000,0.0,0.0,0.0,100.0
case3_hard_slippery_8x8,PPO,0,78000,0.0,0.0,0.0,100.0
case3_hard_slippery_8x8,PPO,0,80000,0.0,0.0,0.0,100.0
case3_hard_slippery_8x8,PPO,0,82000,0.0,0.0,0.0,100.0
case3_hard_slippery_8x8,PPO,0,84000,0.0,0.0,0.0,100.0
case3_hard_slippery_8x8,PPO,0,86000,0.0,0.0,0.0,100.0
case3_hard_slippery_8x8,PPO,0,88000,0.0,0.0,0.0,100.0
case3_hard_slippery_8x8,PPO,0,90000,0.0,0.0,0.0,100.0
case3_hard_slippery_8x8,PPO,0,92000,0.0,0.0,0.3,87.53
case3_hard_slippery_8x8,PPO,0,94000,0.0,0.0,0.0,100.0
case3_hard_slippery_8x8,PPO,0,96000,0.0,0.0,0.0,100.0
case3_hard_slippery_8x8,PPO,0,98000,0.0,0.0,0.0,100.0
case3_hard_slippery_8x8,PPO,0,100000,0.0,0.0,0.0,100.0
case3_hard_slippery_8x8,PPO,0,102000,0.0,0.0,0.0,100.0
case3_hard_slippery_8x8,PPO,0,104000,0.0,0.0,0.0,100.0
case3_hard_slippery_8x8,PPO,0,106000,0.0,0.0,0.0,100.0
case3_hard_slippery_8x8,PPO,0,108000,0.0,0.0,0.0,100.0
case3_hard_slippery_8x8,PPO,0,110000,0.0,0.0,0.0,100.0
case3_hard_slippery_8x8,PPO,0,112000,0.0,0.0,0.995,8.925
case3_hard_slippery_8x8,PPO,0,114000,0.0,0.0,0.98,23.225
case3_hard_slippery_8x8,PPO,0,116000,0.0,0.0,0.985,8.595
case3_hard_slippery_8x8,PPO,0,118000,0.0,0.0,0.53,73.55
case3_hard_slippery_8x8,PPO,0,120000,0.0,0.0,0.645,70.04
case3_hard_slippery_8x8,PPO,1,2000,0.0,0.0,0.55,75.92
case3_hard_slippery_8x8,PPO,1,4000,0.0,0.0,0.89,41.015
case3_hard_slippery_8x8,PPO,1,6000,0.0,0.0,1.0,8.345
case3_hard_slippery_8x8,PPO,1,8000,0.0,0.0,1.0,7.18
case3_hard_slippery_8x8,PPO,1,10000,0.0,0.0,1.0,6.76
case3_hard_slippery_8x8,PPO,1,12000,0.0,0.0,1.0,7.27
case3_hard_slippery_8x8,PPO,1,14000,0.0,0.0,1.0,9.095
case3_hard_slippery_8x8,PPO,1,16000,0.0,0.0,1.0,9.77
case3_hard_slippery_8x8,PPO,1,18000,0.0,0.0,1.0,5.14
case3_hard_slippery_8x8,PPO,1,20000,0.0,0.0,1.0,4.73
case3_hard_slippery_8x8,PPO,1,22000,0.0,0.0,1.0,5.11
case3_hard_slippery_8x8,PPO,1,24000,0.0,0.0,1.0,5.86
case3_hard_slippery_8x8,PPO,1,26000,0.0,0.0,1.0,6.235
case3_hard_slippery_8x8,PPO,1,28000,0.0,0.0,1.0,6.23
case3_hard_slippery_8x8,PPO,1,30000,0.0,0.0,1.0,6.245
case3_hard_slippery_8x8,PPO,1,32000,0.0,0.0,1.0,5.715
case3_hard_slippery_8x8,PPO,1,34000,0.0,0.0,1.0,7.505
case3_hard_slippery_8x8,PPO,1,36000,0.0,0.0,1.0,8.32
case3_hard_slippery_8x8,PPO,1,38000,0.0,0.0,1.0,5.815
case3_hard_slippery_8x8,PPO,1,40000,0.0,0.0,1.0,5.69
case3_hard_slippery_8x8,PPO,1,42000,0.0,0.0,1.0,6.005
case3_hard_slippery_8x8,PPO,1,44000,0.0,0.0,1.0,5.77
case3_hard_slippery_8x8,PPO,1,46000,0.0,0.0,1.0,5.855
case3_hard_slippery_8x8,PPO,1,48000,0.0,0.0,1.0,5.405
case3_hard_slippery_8x8,PPO,1,50000,0.0,0.0,1.0,5.025
case3_hard_slippery_8x8,PPO,1,52000,0.0,0.0,1.0,5.87
case3_hard_slippery_8x8,PPO,1,54000,0.0,0.0,1.0,5.27
case3_hard_slippery_8x8,PPO,1,56000,0.0,0.0,1.0,5.085
case3_hard_slippery_8x8,PPO,1,58000,0.0,0.0,1.0,5.03
case3_hard_slippery_8x8,PPO,1,60000,0.0,0.0,1.0,10.355
case3_hard_slippery_8x8,PPO,1,62000,0.0,0.0,1.0,10.53
case3_hard_slippery_8x8,PPO,1,64000,0.0,0.0,1.0,6.44
case3_hard_slippery_8x8,PPO,1,66000,0.0,0.0,1.0,5.27
case3_hard_slippery_8x8,PPO,1,68000,0.0,0.0,1.0,7.415
case3_hard_slippery_8x8,PPO,1,70000,0.0,0.0,1.0,5.675
case3_hard_slippery_8x8,PPO,1,72000,0.0,0.0,1.0,11.07
case3_hard_slippery_8x8,PPO,1,74000,0.0,0.0,1.0,6.56
case3_hard_slippery_8x8,PPO,1,76000,0.0,0.0,1.0,6.155
case3_hard_slippery_8x8,PPO,1,78000,0.0,0.0,1.0,6.305
case3_hard_slippery_8x8,PPO,1,80000,0.0,0.0,1.0,9.165
case3_hard_slippery_8x8,PPO,1,82000,0.0,0.0,1.0,9.315
case3_hard_slippery_8x8,PPO,1,84000,0.0,0.0,1.0,6.01
case3_hard_slippery_8x8,PPO,1,86000,0.0,0.0,1.0,6.325
case3_hard_slippery_8x8,PPO,1,88000,0.0,0.0,1.0,6.565
case3_hard_slippery_8x8,PPO,1,90000,0.0,0.0,1.0,6.975
case3_hard_slippery_8x8,PPO,1,92000,0.0,0.0,1.0,6.615
case3_hard_slippery_8x8,PPO,1,94000,0.0,0.0,1.0,5.78
case3_hard_slippery_8x8,PPO,1,96000,0.0,0.0,1.0,5.12
case3_hard_slippery_8x8,PPO,1,98000,0.0,0.0,1.0,5.105
case3_hard_slippery_8x8,PPO,1,100000,0.0,0.0,1.0,5.16
case3_hard_slippery_8x8,PPO,1,102000,0.0,0.0,1.0,5.08
case3_hard_slippery_8x8,PPO,1,104000,0.0,0.0,1.0,5.375
case3_hard_slippery_8x8,PPO,1,106000,0.0,0.0,1.0,5.195
case3_hard_slippery_8x8,PPO,1,108000,0.0,0.0,1.0,7.54
case3_hard_slippery_8x8,PPO,1,110000,0.0,0.0,1.0,7.12
case3_hard_slippery_8x8,PPO,1,112000,0.0,0.0,1.0,6.995
case3_hard_slippery_8x8,PPO,1,114000,0.0,0.0,1.0,19.41
case3_hard_slippery_8x8,PPO,1,116000,0.0,0.0,1.0,21.61
case3_hard_slippery_8x8,PPO,1,118000,0.0,0.0,1.0,7.785
case3_hard_slippery_8x8,PPO,1,120000,0.0,0.0,0.995,24.085
case3_hard_slippery_8x8,PPO,2,2000,0.0,0.0,1.0,6.92
case3_hard_slippery_8x8,PPO,2,4000,0.0,0.0,1.0,6.06
case3_hard_slippery_8x8,PPO,2,6000,0.0,0.0,1.0,8.555
case3_hard_slippery_8x8,PPO,2,8000,0.0,0.0,1.0,7.875
case3_hard_slippery_8x8,PPO,2,10000,0.0,0.0,0.995,6.05
case3_hard_slippery_8x8,PPO,2,12000,0.0,0.0,1.0,5.46
case3_hard_slippery_8x8,PPO,2,14000,0.0,0.0,0.995,22.635
case3_hard_slippery_8x8,PPO,2,16000,0.0,0.0,0.985,27.15
case3_hard_slippery_8x8,PPO,2,18000,0.0,0.0,1.0,16.23
case3_hard_slippery_8x8,PPO,2,20000,0.0,0.0,1.0,6.95
case3_hard_slippery_8x8,PPO,2,22000,0.0,0.0,1.0,6.64
case3_hard_slippery_8x8,PPO,2,24000,0.0,0.0,1.0,9.14
case3_hard_slippery_8x8,PPO,2,26000,0.0,0.0,1.0,7.13
case3_hard_slippery_8x8,PPO,2,28000,0.0,0.0,1.0,6.725
case3_hard_slippery_8x8,PPO,2,30000,0.0,0.0,1.0,18.005
case3_hard_slippery_8x8,PPO,2,32000,0.0,0.0,1.0,21.505
case3_hard_slippery_8x8,PPO,2,34000,0.0,0.0,1.0,6.975
case3_hard_slippery_8x8,PPO,2,36000,0.0,0.0,1.0,7.075
case3_hard_slippery_8x8,PPO,2,38000,0.0,0.0,1.0,8.005
case3_hard_slippery_8x8,PPO,2,40000,0.0,0.0,1.0,4.63
case3_hard_slippery_8x8,PPO,2,42000,0.0,0.0,1.0,5.435
case3_hard_slippery_8x8,PPO,2,44000,0.0,0.0,1.0,8.235
case3_hard_slippery_8x8,PPO,2,46000,0.0,0.0,1.0,8.885
case3_hard_slippery_8x8,PPO,2,48000,0.0,0.0,1.0,9.78
case3_hard_slippery_8x8,PPO,2,50000,0.0,0.0,1.0,7.66
case3_hard_slippery_8x8,PPO,2,52000,0.0,0.0,1.0,5.685
case3_hard_slippery_8x8,PPO,2,54000,0.0,0.0,1.0,5.225
case3_hard_slippery_8x8,PPO,2,56000,0.0,0.0,1.0,6.645
case3_hard_slippery_8x8,PPO,2,58000,0.0,0.0,1.0,6.405
case3_hard_slippery_8x8,PPO,2,60000,0.0,0.0,1.0,6.985
case3_hard_slippery_8x8,PPO,2,62000,0.0,0.0,1.0,6.235
case3_hard_slippery_8x8,PPO,2,64000,0.0,0.0,1.0,6.895
case3_hard_slippery_8x8,PPO,2,66000,0.0,0.0,1.0,7.175
case3_hard_slippery_8x8,PPO,2,68000,0.0,0.0,1.0,7.075
case3_hard_slippery_8x8,PPO,2,70000,0.0,0.0,0.995,17.855
case3_hard_slippery_8x8,PPO,2,72000,0.0,0.0,1.0,8.27
case3_hard_slippery_8x8,PPO,2,74000,0.0,0.0,1.0,6.16
case3_hard_slippery_8x8,PPO,2,76000,0.0,0.0,1.0,6.42
case3_hard_slippery_8x8,PPO,2,78000,0.0,0.0,1.0,6.76
case3_hard_slippery_8x8,PPO,2,80000,0.0,0.0,1.0,6.81
case3_hard_slippery_8x8,PPO,2,82000,0.0,0.0,1.0,6.835
case3_hard_slippery_8x8,PPO,2,84000,0.0,0.0,1.0,7.075
case3_hard_slippery_8x8,PPO,2,86000,0.0,0.0,1.0,6.4
case3_hard_slippery_8x8,PPO,2,88000,0.0,0.0,1.0,8.66
case3_hard_slippery_8x8,PPO,2,90000,0.0,0.0,1.0,7.2
case3_hard_slippery_8x8,PPO,2,92000,0.0,0.0,1.0,6.34
case3_hard_slippery_8x8,PPO,2,94000,0.0,0.0,1.0,6.585
case3_hard_slippery_8x8,PPO,2,96000,0.005,0.005,0.995,6.98
case3_hard_slippery_8x8,PPO,2,98000,0.0,0.0,1.0,6.245
case3_hard_slippery_8x8,PPO,2,100000,0.0,0.0,1.0,6.855
case3_hard_slippery_8x8,PPO,2,102000,0.0,0.0,1.0,5.84
case3_hard_slippery_8x8,PPO,2,104000,0.0,0.0,1.0,6.145
case3_hard_slippery_8x8,PPO,2,106000,0.0,0.0,1.0,6.095
case3_hard_slippery_8x8,PPO,2,108000,0.0,0.0,1.0,11.95
case3_hard_slippery_8x8,PPO,2,110000,0.01,0.01,0.99,11.6
case3_hard_slippery_8x8,PPO,2,112000,0.0,0.0,1.0,12.135
case3_hard_slippery_8x8,PPO,2,114000,0.0,0.0,1.0,12.28
case3_hard_slippery_8x8,PPO,2,116000,0.015,0.015,0.985,26.875
case3_hard_slippery_8x8,PPO,2,118000,0.0,0.0,0.995,16.475
case3_hard_slippery_8x8,PPO,2,120000,0.0,0.0,0.89,49.685
case3_hard_slippery_8x8,PPO,3,2000,0.0,0.0,1.0,10.08
case3_hard_slippery_8x8,PPO,3,4000,0.0,0.0,1.0,6.44
case3_hard_slippery_8x8,PPO,3,6000,0.0,0.0,0.825,55.535
case3_hard_slippery_8x8,PPO,3,8000,0.0,0.0,1.0,23.92
case3_hard_slippery_8x8,PPO,3,10000,0.0,0.0,0.935,35.695
case3_hard_slippery_8x8,PPO,3,12000,0.0,0.0,0.595,67.425
case3_hard_slippery_8x8,PPO,3,14000,0.0,0.0,0.835,51.48
case3_hard_slippery_8x8,PPO,3,16000,0.0,0.0,0.865,55.02
case3_hard_slippery_8x8,PPO,3,18000,0.0,0.0,0.965,31.815
case3_hard_slippery_8x8,PPO,3,20000,0.0,0.0,0.815,55.905
case3_hard_slippery_8x8,PPO,3,22000,0.0,0.0,0.825,54.835
case3_hard_slippery_8x8,PPO,3,24000,0.0,0.0,0.0,100.0
case3_hard_slippery_8x8,PPO,3,26000,0.0,0.0,0.92,40.155
case3_hard_slippery_8x8,PPO,3,28000,0.0,0.0,0.0,100.0
case3_hard_slippery_8x8,PPO,3,30000,0.0,0.0,0.975,36.155
case3_hard_slippery_8x8,PPO,3,32000,0.0,0.0,0.97,29.125
case3_hard_slippery_8x8,PPO,3,34000,0.0,0.0,1.0,6.145
case3_hard_slippery_8x8,PPO,3,36000,0.0,0.0,0.925,43.275
case3_hard_slippery_8x8,PPO,3,38000,0.0,0.0,0.92,47.09
case3_hard_slippery_8x8,PPO,3,40000,0.0,0.0,1.0,10.19
case3_hard_slippery_8x8,PPO,3,42000,0.0,0.0,1.0,9.345
case3_hard_slippery_8x8,PPO,3,44000,0.0,0.0,1.0,9.79
case3_hard_slippery_8x8,PPO,3,46000,0.0,0.0,1.0,8.175
case3_hard_slippery_8x8,PPO,3,48000,0.0,0.0,0.695,62.235
case3_hard_slippery_8x8,PPO,3,50000,0.0,0.0,0.0,100.0
case3_hard_slippery_8x8,PPO,3,52000,0.0,0.0,0.0,100.0
case3_hard_slippery_8x8,PPO,3,54000,0.0,0.0,0.9,46.605
case3_hard_slippery_8x8,PPO,3,56000,0.0,0.0,1.0,7.185
case3_hard_slippery_8x8,PPO,3,58000,0.0,0.0,0.875,46.19
case3_hard_slippery_8x8,PPO,3,60000,0.0,0.0,0.91,45.18
case3_hard_slippery_8x8,PPO,3,62000,0.0,0.0,0.935,41.585
case3_hard_slippery_8x8,PPO,3,64000,0.0,0.0,0.935,41.58
case3_hard_slippery_8x8,PPO,3,66000,0.0,0.0,1.0,6.555
case3_hard_slippery_8x8,PPO,3,68000,0.0,0.0,1.0,12.38
case3_hard_slippery_8x8,PPO,3,70000,0.0,0.0,1.0,12.635
case3_hard_slippery_8x8,PPO,3,72000,0.0,0.0,1.0,24.835
case3_hard_slippery_8x8,PPO,3,74000,0.0,0.0,1.0,11.3
case3_hard_slippery_8x8,PPO,3,76000,0.0,0.0,0.995,25.165
case3_hard_slippery_8x8,PPO,3,78000,0.0,0.0,0.995,22.96
case3_hard_slippery_8x8,PPO,3,80000,0.0,0.0,1.0,25.385
case3_hard_slippery_8x8,PPO,3,82000,0.0,0.0,1.0,11.28
case3_hard_slippery_8x8,PPO,3,84000,0.0,0.0,1.0,10.565
case3_hard_slippery_8x8,PPO,3,86000,0.0,0.0,1.0,7.055
case3_hard_slippery_8x8,PPO,3,88000,0.0,0.0,1.0,6.705
case3_hard_slippery_8x8,PPO,3,90000,0.0,0.0,1.0,6.715
case3_hard_slippery_8x8,PPO,3,92000,0.0,0.0,1.0,7.155
case3_hard_slippery_8x8,PPO,3,94000,0.0,0.0,1.0,7.08
case3_hard_slippery_8x8,PPO,3,96000,0.0,0.0,1.0,7.48
case3_hard_slippery_8x8,PPO,3,98000,0.0,0.0,1.0,6.415
case3_hard_slippery_8x8,PPO,3,100000,0.0,0.0,1.0,7.555
case3_hard_slippery_8x8,PPO,3,102000,0.0,0.0,1.0,21.375
case3_hard_slippery_8x8,PPO,3,104000,0.0,0.0,1.0,20.615
case3_hard_slippery_8x8,PPO,3,106000,0.0,0.0,1.0,7.17
case3_hard_slippery_8x8,PPO,3,108000,0.0,0.0,1.0,7.22
case3_hard_slippery_8x8,PPO,3,110000,0.0,0.0,1.0,6.88
case3_hard_slippery_8x8,PPO,3,112000,0.0,0.0,1.0,7.2
case3_hard_slippery_8x8,PPO,3,114000,0.0,0.0,1.0,6.825
case3_hard_slippery_8x8,PPO,3,116000,0.0,0.0,1.0,6.78
case3_hard_slippery_8x8,PPO,3,118000,0.0,0.0,1.0,6.8
case3_hard_slippery_8x8,PPO,3,120000,0.0,0.0,1.0,6.605
case3_hard_slippery_8x8,PPO,4,2000,0.0,0.0,1.0,6.23
case3_hard_slippery_8x8,PPO,4,4000,0.0,0.0,1.0,6.11
case3_hard_slippery_8x8,PPO,4,6000,0.0,0.0,1.0,7.76
case3_hard_slippery_8x8,PPO,4,8000,0.0,0.0,0.965,12.97
case3_hard_slippery_8x8,PPO,4,10000,0.0,0.0,0.3,89.76
case3_hard_slippery_8x8,PPO,4,12000,0.0,0.0,0.0,100.0
case3_hard_slippery_8x8,PPO,4,14000,0.0,0.0,0.0,100.0
case3_hard_slippery_8x8,PPO,4,16000,0.0,0.0,0.0,100.0
case3_hard_slippery_8x8,PPO,4,18000,0.0,0.0,0.98,20.64
case3_hard_slippery_8x8,PPO,4,20000,0.0,0.0,0.99,9.19
case3_hard_slippery_8x8,PPO,4,22000,0.0,0.0,0.945,24.11
case3_hard_slippery_8x8,PPO,4,24000,0.0,0.0,0.995,9.84
case3_hard_slippery_8x8,PPO,4,26000,0.0,0.0,0.985,11.07
case3_hard_slippery_8x8,PPO,4,28000,0.0,0.0,0.99,11.275
case3_hard_slippery_8x8,PPO,4,30000,0.0,0.0,0.995,11.83
case3_hard_slippery_8x8,PPO,4,32000,0.0,0.0,1.0,7.55
case3_hard_slippery_8x8,PPO,4,34000,0.0,0.0,1.0,7.92
case3_hard_slippery_8x8,PPO,4,36000,0.0,0.0,1.0,5.905
case3_hard_slippery_8x8,PPO,4,38000,0.0,0.0,1.0,7.575
case3_hard_slippery_8x8,PPO,4,40000,0.0,0.0,0.995,7.66
case3_hard_slippery_8x8,PPO,4,42000,0.0,0.0,1.0,8.545
case3_hard_slippery_8x8,PPO,4,44000,0.0,0.0,0.995,8.365
case3_hard_slippery_8x8,PPO,4,46000,0.0,0.0,1.0,7.32
case3_hard_slippery_8x8,PPO,4,48000,0.0,0.0,1.0,7.04
case3_hard_slippery_8x8,PPO,4,50000,0.0,0.0,1.0,8.805
case3_hard_slippery_8x8,PPO,4,52000,0.0,0.0,0.995,9.44
case3_hard_slippery_8x8,PPO,4,54000,0.0,0.0,0.99,19.41
case3_hard_slippery_8x8,PPO,4,56000,0.0,0.0,0.98,22.185
case3_hard_slippery_8x8,PPO,4,58000,0.0,0.0,0.985,21.575
case3_hard_slippery_8x8,PPO,4,60000,0.0,0.0,0.93,44.365
case3_hard_slippery_8x8,PPO,4,62000,0.0,0.0,0.975,20.885
case3_hard_slippery_8x8,PPO,4,64000,0.0,0.0,0.995,23.255
case3_hard_slippery_8x8,PPO,4,66000,0.0,0.0,0.985,25.365
case3_hard_slippery_8x8,PPO,4,68000,0.0,0.0,0.775,52.82
case3_hard_slippery_8x8,PPO,4,70000,0.0,0.0,1.0,22.035
case3_hard_slippery_8x8,PPO,4,72000,0.0,0.0,0.98,24.66
case3_hard_slippery_8x8,PPO,4,74000,0.0,0.0,1.0,17.765
case3_hard_slippery_8x8,PPO,4,76000,0.0,0.0,0.995,18.755
case3_hard_slippery_8x8,PPO,4,78000,0.0,0.0,0.985,19.755
case3_hard_slippery_8x8,PPO,4,80000,0.0,0.0,1.0,12.81
case3_hard_slippery_8x8,PPO,4,82000,0.02,0.02,0.965,10.175
case3_hard_slippery_8x8,PPO,4,84000,0.0,0.0,1.0,11.925
case3_hard_slippery_8x8,PPO,4,86000,0.0,0.0,0.985,20.45
case3_hard_slippery_8x8,PPO,4,88000,0.0,0.0,0.98,25.5
case3_hard_slippery_8x8,PPO,4,90000,0.065,0.065,0.87,19.0
case3_hard_slippery_8x8,PPO,4,92000,0.12,0.12,0.795,28.535
case3_hard_slippery_8x8,PPO,4,94000,0.0,0.0,0.98,26.555
case3_hard_slippery_8x8,PPO,4,96000,0.0,0.0,0.91,31.16
case3_hard_slippery_8x8,PPO,4,98000,0.0,0.0,0.93,28.585
case3_hard_slippery_8x8,PPO,4,100000,0.0,0.0,0.97,25.37
case3_hard_slippery_8x8,PPO,4,102000,0.0,0.0,0.98,21.57
case3_hard_slippery_8x8,PPO,4,104000,0.0,0.0,0.97,24.405
case3_hard_slippery_8x8,PPO,4,106000,0.03,0.03,0.96,22.19
case3_hard_slippery_8x8,PPO,4,108000,0.0,0.0,0.995,19.705
case3_hard_slippery_8x8,PPO,4,110000,0.02,0.02,0.965,24.395
case3_hard_slippery_8x8,PPO,4,112000,0.045,0.045,0.935,24.8
case3_hard_slippery_8x8,PPO,4,114000,0.06,0.06,0.89,28.325
case3_hard_slippery_8x8,PPO,4,116000,0.065,0.065,0.85,30.31
case3_hard_slippery_8x8,PPO,4,118000,0.035,0.035,0.93,28.46
case3_hard_slippery_8x8,PPO,4,120000,0.085,0.085,0.865,27.605
